"x1","x2","y"
0.732919254658385,0.0186335403726707,8
0.745762711864407,-0.129943502824859,6
0.724358974358974,-0.17948717948718,6
0.779069767441861,-0.104651162790698,6
0.8,-0.158620689655172,6
0.724409448818898,-0.21259842519685,6
0.636942675159236,-0.0191082802547771,8
0.79746835443038,-0.151898734177215,6
0.658767772511848,0.00473933649289093,8
0.635838150289017,-0.0404624277456648,8
0.6,-0.139393939393939,8
0.710144927536232,-0.0434782608695653,8
0.626436781609195,-0.298850574712644,6
0.656862745098039,0.0196078431372548,8
0.688442211055276,-0.155778894472362,6
0.51219512195122,-0.105691056910569,6
0.761904761904762,-0.214285714285714,6
0.662420382165605,0.0191082802547771,8
0.748201438848921,-0.179856115107914,6
0.746913580246914,-0.037037037037037,8
0.718918918918919,-0.145945945945946,6
0.645669291338583,-0.0866141732283465,6
0.636363636363636,-0.0303030303030303,8
0.775862068965517,-0.160919540229885,6
0.775280898876405,-0.146067415730337,6
0.712230215827338,-0.122302158273381,6
0.589595375722543,-0.0404624277456647,8
0.664285714285714,0.0428571428571429,8
0.634517766497462,-0.0152284263959391,8
0.615384615384615,0.0256410256410257,8
0.668316831683168,0.0198019801980198,6
0.736434108527132,-0.162790697674419,6
0.6,0.0424242424242425,8
0.661016949152542,0.0960451977401129,8
0.637837837837838,-0.0486486486486486,8
0.6875,-0.0625,6
0.85,-0.0666666666666667,6
0.766081871345029,-0.134502923976608,6
0.761904761904762,-0.276190476190476,6
0.759615384615385,-0.25,6
0.69060773480663,-0.0165745856353591,8
0.670454545454545,-0.181818181818182,6
0.656084656084656,-0.0264550264550265,8
0.639344262295082,-0.0601092896174862,8
0.700636942675159,-0.0573248407643312,6
0.715447154471545,0.040650406504065,8
0.638297872340426,-0.25531914893617,6
0.693877551020408,0.0306122448979592,8
0.805194805194805,-0.0259740259740259,6
0.719047619047619,-0.171428571428571,6
0.711111111111111,-0.177777777777778,6
0.747252747252747,-0.186813186813187,6
0.63768115942029,-0.0821256038647343,6
0.728205128205128,-0.282051282051282,6
0.633879781420765,-0.0273224043715847,8
0.746835443037975,-0.177215189873418,6
0.713114754098361,0.0163934426229508,8
0.680722891566265,-0.204819277108434,6
0.691823899371069,-0.0314465408805031,8
0.704819277108434,0.0602409638554216,8
0.717791411042945,-0.0429447852760736,8
0.623115577889447,0.0452261306532664,8
0.664335664335664,-0.0909090909090909,8
0.691588785046729,-0.233644859813084,6
0.688524590163934,-0.081967213114754,6
0.673333333333333,0.0133333333333333,8
0.657004830917874,-0.0434782608695652,8
0.686486486486486,-0.0810810810810811,6
0.631336405529954,-0.142857142857143,6
0.617142857142857,-0.0857142857142856,6
0.676136363636364,-0.125,6
0.644444444444444,-0.0518518518518518,8
0.72258064516129,-0.135483870967742,6
0.714876033057851,-0.0330578512396694,8
0.794392523364486,-0.271028037383178,6
0.746913580246914,-0.197530864197531,6
0.53448275862069,-0.0344827586206897,8
0.623529411764706,-0.0941176470588236,8
0.546666666666667,-0.164444444444444,8
0.669014084507042,0.0140845070422535,8
0.655629139072848,0.0993377483443709,8
0.813953488372093,-0.0387596899224806,8
0.636363636363636,-0.0681818181818181,8
0.716417910447761,-0.0149253731343284,8
0.638157894736842,-0.013157894736842,8
0.774390243902439,-0.146341463414634,6
0.46583850931677,-0.031055900621118,8
0.666666666666667,-0.223880597014925,6
0.60093896713615,-0.192488262910798,6
0.701219512195122,0.0853658536585367,8
0.73134328358209,-0.208955223880597,6
0.660550458715596,-0.256880733944954,6
0.677551020408163,0.036734693877551,8
0.682080924855491,-0.294797687861272,6
0.565957446808511,-0.131914893617021,8
0.675392670157068,-0.0366492146596858,6
0.739884393063584,-0.0404624277456648,8
0.767295597484277,-0.232704402515723,6
0.746192893401015,-0.16751269035533,6
0.575916230366492,0.0575916230366492,8
0.72258064516129,-0.00645161290322577,8
0.741379310344828,-0.241379310344828,6
0.616740088105727,0.0660792951541851,8
0.702290076335878,-0.0381679389312977,8
0.769230769230769,-0.076923076923077,6
0.67032967032967,-0.208791208791209,6
0.741379310344828,-0.218390804597701,6
0.713333333333333,-0.133333333333333,6
0.769911504424779,-0.150442477876106,6
0.681564245810056,-0.106145251396648,8
0.696551724137931,-0.0206896551724138,8
0.778481012658228,-0.291139240506329,6
0.723270440251572,-0.0188679245283019,8
0.703448275862069,-0.103448275862069,6
0.646706586826347,-0.0419161676646707,8
0.622448979591837,0.0408163265306123,8
0.804347826086957,-0.0652173913043479,6
0.624489795918367,-0.16734693877551,6
0.662576687116564,0.0920245398773006,8
0.657276995305164,-0.192488262910798,6
0.68,-0.146666666666667,6
0.779569892473118,-0.150537634408602,6
0.781818181818182,-0.175757575757576,6
0.719101123595506,-0.202247191011236,6
0.790123456790123,-0.037037037037037,6
0.689024390243902,-0.207317073170732,6
0.704301075268817,0.032258064516129,8
0.787234042553192,-0.120567375886525,6
0.725609756097561,-0.195121951219512,6
0.675324675324675,-0.168831168831169,6
0.746031746031746,-0.0158730158730159,8
0.783625730994152,-0.0409356725146198,6
0.774436090225564,-0.0977443609022557,6
0.58125,-0.125,6
0.753846153846154,-0.246153846153846,6
0.713235294117647,0.0147058823529412,8
0.671641791044776,0.0149253731343284,8
0.603960396039604,0.0396039603960396,8
0.710526315789474,-0.0350877192982457,8
0.73394495412844,-0.229357798165138,6
0.701388888888889,-0.0833333333333334,8
0.724137931034483,-0.268965517241379,6
0.722689075630252,-0.109243697478992,6
0.592039800995025,-0.0149253731343284,8
0.62,-0.16,6
0.666666666666667,-0.0314465408805031,8
0.686131386861314,-0.0218978102189781,8
0.796511627906977,-0.0697674418604652,6
0.584615384615385,0.0615384615384615,8
0.625,-0.0178571428571428,8
0.768115942028985,-0.217391304347826,6
0.633879781420765,-0.00546448087431695,8
0.686486486486486,-0.167567567567568,6
0.784172661870504,-0.136690647482014,6
0.772727272727273,-0.0909090909090909,6
0.780487804878049,0.0731707317073171,8
0.689873417721519,-0.0253164556962027,8
0.707182320441989,-0.270718232044199,6
0.642424242424242,-0.224242424242424,6
0.673913043478261,-0.0869565217391304,8
0.662921348314607,-0.0112359550561798,8
0.538011695906433,-0.0760233918128655,8
0.705263157894737,-0.263157894736842,6
0.690058479532164,-0.263157894736842,6
0.691056910569106,-0.203252032520325,6
0.691176470588235,-0.0588235294117647,8
0.670967741935484,0.00645161290322571,8
0.773006134969325,-0.190184049079755,6
0.618181818181818,-0.0787878787878789,6
0.663594470046083,-0.00460829493087567,8
0.768,-0.312,6
0.674033149171271,0.0497237569060773,8
0.625,-0.0113636363636363,8
0.627118644067797,-0.163841807909605,6
0.702702702702703,-0.135135135135135,6
0.711111111111111,-0.111111111111111,8
0.638743455497382,-0.0575916230366492,8
0.61340206185567,0.0721649484536083,8
0.793103448275862,-0.172413793103448,6
0.703296703296703,0.0769230769230769,8
0.662921348314607,-0.0786516853932584,8
0.733990147783251,-0.083743842364532,6
0.518292682926829,-0.0975609756097561,6
0.717241379310345,-0.172413793103448,6
0.655367231638418,-0.00564971751412435,8
0.7,-0.138461538461538,6
0.768707482993197,-0.142857142857143,6
0.798245614035088,-0.228070175438596,6
0.619469026548673,-0.0353982300884956,6
0.876404494382023,-0.303370786516854,6
0.792452830188679,-0.283018867924528,6
0.763440860215054,-0.247311827956989,6
0.708661417322835,-0.259842519685039,6
0.601809954751131,-0.0226244343891402,6
0.563025210084034,-0.0756302521008403,6
0.676190476190476,-0.00952380952380949,8
0.676470588235294,0.0117647058823529,8
0.728476821192053,-0.245033112582781,6
0.652631578947368,-0.242105263157895,6
0.698412698412698,-0.19047619047619,6
0.652173913043478,0.0186335403726709,8
0.646551724137931,0.0517241379310345,8
0.670520231213873,-0.260115606936416,6
0.695876288659794,-0.154639175257732,6
0.686131386861314,-0.051094890510949,8
0.606896551724138,0.0206896551724138,8
0.75,-0.297297297297297,6
0.746753246753247,-0.194805194805195,6
0.6953125,-0.03125,8
0.701298701298701,-0.064935064935065,8
0.684210526315789,0,8
0.671428571428571,-0.114285714285714,8
0.726415094339623,-0.141509433962264,6
0.625,0.03125,8
0.813186813186813,-0.208791208791209,6
0.823529411764706,-0.0352941176470589,6
0.676190476190476,0.019047619047619,8
0.722222222222222,-0.0277777777777777,8
0.634703196347032,-0.0593607305936073,8
0.74251497005988,-0.125748502994012,6
0.707865168539326,-0.146067415730337,6
0.674556213017751,-0.0414201183431953,8
0.712230215827338,0.0215827338129497,8
0.791666666666667,-0.119047619047619,6
0.639810426540284,-0.0995260663507109,8
0.678391959798995,-0.00502512562814067,8
0.696969696969697,-0.0303030303030303,8
0.762237762237762,-0.174825174825175,6
0.668789808917197,-0.0445859872611465,6
0.686046511627907,-0.104651162790698,8
0.541984732824427,-0.0152671755725191,8
0.768361581920904,-0.107344632768362,6
0.654676258992806,-0.0935251798561152,8
0.622093023255814,-0.0116279069767442,8
0.785714285714286,0.0119047619047619,6
0.675496688741722,-0.0198675496688742,8
0.733333333333333,-0.116666666666667,6
0.650306748466258,0.0552147239263804,8
0.742424242424242,-0.242424242424242,6
0.748466257668712,-0.0184049079754601,6
0.710526315789474,0,8
0.572972972972973,-0.167567567567568,8
0.647058823529412,0.0352941176470589,8
0.720430107526882,-0.118279569892473,6
0.829457364341085,-0.255813953488372,6
0.621621621621622,0.00900900900900892,8
0.769230769230769,0.118881118881119,8
0.771428571428571,-0.185714285714286,6
0.67156862745098,0.0588235294117647,8
0.709090909090909,-0.254545454545455,6
0.645161290322581,0,8
0.662576687116564,0.0552147239263803,8
0.74496644295302,-0.167785234899329,6
0.685534591194969,0.00628930817610063,8
0.725274725274725,-0.0219780219780219,8
0.765714285714286,-0.154285714285714,6
0.686390532544379,-0.14792899408284,8
0.678899082568807,-0.26605504587156,6
0.716312056737589,-0.304964539007092,6
0.714285714285714,0.00680272108843538,8
0.665094339622642,-0.226415094339623,6
0.738693467336683,-0.135678391959799,6
0.605263157894737,0,8
0.718518518518519,-0.0666666666666667,8
0.524096385542169,-0.132530120481928,6
0.707865168539326,-0.134831460674157,6
0.682432432432432,0.135135135135135,8
0.694805194805195,-0.0389610389610389,8
0.67156862745098,0.0490196078431372,8
0.733668341708543,-0.175879396984925,6
0.645569620253165,-0.0506329113924051,8
0.619718309859155,-0.0328638497652582,8
0.774869109947644,-0.109947643979058,6
0.71969696969697,-0.272727272727273,6
0.682291666666667,0.03125,8
0.625570776255708,0.0045662100456621,8
0.754716981132076,-0.132075471698113,8
0.613756613756614,-0.0158730158730159,8
0.671296296296296,-0.12037037037037,6
0.782608695652174,-0.202898550724638,6
0.681818181818182,-0.00909090909090904,8
0.75,-0.238636363636364,6
0.646288209606987,-0.152838427947598,6
0.684210526315789,0.0409356725146198,8
0.714285714285714,0,8
0.647058823529412,-0.338235294117647,6
0.738317757009346,-0.14018691588785,6
0.575268817204301,-0.204301075268817,6
0.561111111111111,-0.0444444444444444,6
0.818181818181818,-0.155844155844156,6
0.625,0.0208333333333333,8
0.637837837837838,-0.124324324324324,6
0.570707070707071,-0.0202020202020201,8
0.633879781420765,-0.00546448087431695,8
0.570652173913043,0.0543478260869565,8
0.788461538461538,0.115384615384615,8
0.688524590163934,0.0327868852459017,8
0.63135593220339,-0.203389830508474,6
0.630434782608696,-0.188405797101449,6
0.657004830917874,-0.14975845410628,6
0.753086419753086,-0.172839506172839,6
0.7,-0.293333333333333,6
0.704347826086957,-0.0434782608695653,8
0.809090909090909,-0.236363636363636,6
0.687943262411348,0.0921985815602837,8
0.705035971223022,0.0359712230215827,8
0.798319327731092,-0.243697478991597,6
0.64367816091954,-0.0229885057471264,8
0.745098039215686,-0.117647058823529,6
0.703703703703704,-0.22962962962963,6
0.705128205128205,0.076923076923077,8
0.761904761904762,-0.142857142857143,6
0.648148148148148,-0.160493827160494,6
0.714285714285714,0.0357142857142857,8
0.633879781420765,0.0273224043715847,8
0.751592356687898,-0.0828025477707006,6
0.696078431372549,-0.156862745098039,6
0.779310344827586,-0.241379310344828,6
0.625,0.0217391304347827,8
0.702247191011236,-0.0337078651685392,8
0.704545454545455,-0.106060606060606,8
0.607954545454545,-0.0340909090909092,6
0.585365853658537,0.0439024390243903,8
0.604060913705584,-0.00507614213197977,8
0.805970149253731,-0.164179104477612,6
0.751173708920188,-0.0516431924882629,8
0.813793103448276,-0.117241379310345,6
0.654054054054054,-0.254054054054054,6
0.775757575757576,0.0545454545454546,8
0.797385620915033,-0.150326797385621,6
0.672811059907834,-0.0599078341013825,6
0.797872340425532,-0.276595744680851,6
0.663265306122449,-0.163265306122449,8
0.678260869565217,-0.0347826086956522,8
0.636942675159236,-0.261146496815287,6
0.671875,-0.15625,6
0.674418604651163,-0.0116279069767442,8
0.588516746411483,-0.129186602870813,8
0.75,-0.153846153846154,6
0.660194174757282,0,8
0.630331753554502,0.0995260663507108,8
0.773972602739726,-0.0684931506849316,8
0.754601226993865,0.0184049079754602,8
0.765625,-0.015625,6
0.655172413793103,0.0640394088669951,8
0.679245283018868,-0.00628930817610063,8
0.694444444444444,-0.0111111111111111,8
0.71264367816092,0.0114942528735633,8
0.700729927007299,-0.0218978102189781,8
0.687150837988827,0.106145251396648,8
0.642487046632124,-0.077720207253886,8
0.698324022346369,-0.0279329608938548,8
0.804878048780488,-0.121951219512195,6
0.656084656084656,-0.0899470899470899,6
0.792452830188679,-0.0817610062893082,6
0.754385964912281,-0.175438596491228,6
0.764227642276423,-0.154471544715447,6
0.614285714285714,0.0142857142857142,8
0.705202312138728,-0.15606936416185,6
0.772727272727273,-0.242424242424242,6
0.662790697674419,-0.232558139534884,6
0.672131147540984,-0.213114754098361,6
0.68361581920904,-0.209039548022599,6
0.670520231213873,0.109826589595376,8
0.716312056737589,-0.262411347517731,6
0.666666666666667,-0.0314465408805031,8
0.706293706293706,-0.160839160839161,8
0.495934959349593,-0.089430894308943,6
0.741379310344828,0.0689655172413793,8
0.633333333333333,-0.1,6
0.725806451612903,0.0645161290322581,8
0.69060773480663,-0.237569060773481,6
0.822222222222222,-0.0518518518518518,6
0.739837398373984,0.040650406504065,8
0.704301075268817,-0.0537634408602151,6
0.719178082191781,-0.232876712328767,6
0.72316384180791,0.0169491525423728,8
0.744360902255639,-0.142857142857143,6
0.733333333333333,-0.0444444444444444,6
0.693548387096774,-0.145161290322581,6
0.693333333333333,0.0666666666666667,8
0.7125,0.0249999999999999,8
0.798561151079137,-0.107913669064748,6
0.573604060913706,-0.0355329949238579,8
0.684729064039409,0.103448275862069,8
0.740963855421687,-0.168674698795181,6
0.642533936651584,0.0226244343891402,8
0.713483146067416,-0.0112359550561798,8
0.719424460431655,-0.237410071942446,6
0.707964601769911,-0.238938053097345,6
0.656716417910448,-0.044776119402985,8
0.620689655172414,-0.0114942528735633,8
0.854961832061069,-0.190839694656489,6
0.807339449541284,-0.229357798165138,6
0.668508287292818,-0.0386740331491713,8
0.709677419354839,-0.182795698924731,6
0.619354838709677,-0.12258064516129,6
0.689265536723164,-0.141242937853107,6
0.66887417218543,-0.0993377483443708,8
0.672413793103448,-0.0114942528735633,8
0.692737430167598,0.0391061452513966,8
0.687943262411348,-0.205673758865248,6
0.637837837837838,-0.243243243243243,6
0.742857142857143,0.0285714285714285,8
0.644444444444444,0.0666666666666667,8
0.648148148148148,-0.0740740740740741,8
0.613496932515337,0.00613496932515334,8
0.675257731958763,-0.206185567010309,6
0.765217391304348,-0.165217391304348,6
0.538095238095238,-0.0857142857142857,6
0.650537634408602,0.096774193548387,8
0.74468085106383,-0.127659574468085,6
0.697674418604651,-0.2,6
0.765853658536585,-0.180487804878049,6
0.721518987341772,-0.0126582278481013,8
0.712574850299401,-0.18562874251497,6
0.597457627118644,-0.00847457627118642,8
0.727777777777778,-0.222222222222222,6
0.757575757575758,-0.248484848484849,6
0.741176470588235,-0.235294117647059,6
0.785714285714286,-0.0142857142857142,8
0.752941176470588,0.0705882352941177,8
0.694915254237288,-0.186440677966102,6
0.806451612903226,-0.32258064516129,6
0.643979057591623,-0.151832460732984,6
0.715909090909091,0,6
0.836363636363636,-0.0909090909090909,6
0.774436090225564,-0.293233082706767,6
0.622710622710623,-0.0769230769230769,8
0.517647058823529,-0.0352941176470588,8
0.75,-0.195121951219512,6
0.736,-0.088,6
0.730232558139535,-0.172093023255814,6
0.72972972972973,-0.0810810810810811,6
0.622857142857143,0.0971428571428571,8
0.819444444444444,-0.0416666666666667,6
0.774193548387097,-0.209677419354839,6
0.620879120879121,-0.0659340659340659,8
0.651898734177215,-0.0759493670886076,8
0.766871165644172,-0.251533742331288,6
0.656626506024096,-0.204819277108434,6
0.710843373493976,-0.0602409638554216,6
0.7,-0.0769230769230769,8
0.701612903225806,-0.161290322580645,6
0.795698924731183,-0.182795698924731,6
0.645833333333333,0.0208333333333333,8
0.49438202247191,-0.0187265917602997,8
0.72258064516129,-0.0838709677419355,8
0.726666666666667,-0.346666666666667,6
0.709876543209877,0.0123456790123457,8
0.773049645390071,-0.148936170212766,6
0.80327868852459,-0.213114754098361,6
0.683333333333333,-0.0222222222222221,8
0.716417910447761,0.0298507462686568,8
0.651315789473684,0,8
0.752066115702479,-0.15702479338843,6
0.734375,-0.1875,6
0.798561151079137,-0.165467625899281,6
0.753086419753086,-0.222222222222222,6
0.546583850931677,-0.00621118012422356,6
0.762376237623762,-0.0594059405940595,6
0.641255605381166,-0.201793721973094,6
0.576190476190476,-0.0380952380952381,8
0.684782608695652,-0.0760869565217391,6
0.601809954751131,-0.122171945701357,8
0.772455089820359,0.0179640718562875,8
0.614130434782609,0.0434782608695652,8
0.775510204081633,-0.142857142857143,6
0.824324324324324,-0.216216216216216,6
0.807142857142857,-0.214285714285714,6
0.75796178343949,0.146496815286624,8
0.678217821782178,0.0693069306930693,8
0.651960784313726,0.0196078431372549,8
0.644808743169399,0.00546448087431695,8
0.673076923076923,-0.25,6
0.716867469879518,0.0240963855421686,8
0.696774193548387,0.00645161290322577,6
0.722222222222222,-0.0707070707070707,6
0.7734375,-0.28125,6
0.668367346938776,0.0714285714285715,8
0.707547169811321,-0.235849056603774,6
0.69047619047619,-0.219047619047619,6
0.683937823834197,-0.202072538860104,6
0.731843575418994,0.0837988826815642,8
0.63855421686747,0.0843373493975903,8
0.64968152866242,-0.248407643312102,6
0.680722891566265,-0.216867469879518,6
0.671428571428571,-0.157142857142857,6
0.681159420289855,-0.27536231884058,6
0.698979591836735,-0.153061224489796,6
0.614213197969543,-0.157360406091371,6
0.671875,0.03125,8
0.771653543307087,0.0393700787401574,8
0.762237762237762,-0.272727272727273,6
0.651162790697674,-0.218604651162791,6
0.755813953488372,-0.0465116279069768,6
0.81294964028777,-0.165467625899281,6
0.664893617021277,-0.170212765957447,6
0.728723404255319,-0.202127659574468,6
0.635897435897436,-0.0256410256410256,8
0.643356643356643,0.076923076923077,8
0.771604938271605,-0.135802469135803,6
0.664670658682635,-0.11377245508982,6
0.7421875,-0.09375,8
0.682634730538922,-0.269461077844311,6
0.666666666666667,0.0646766169154229,8
0.807692307692308,-0.0641025641025641,6
0.691860465116279,-0.104651162790698,8
0.661375661375661,-0.0158730158730159,8
0.790055248618785,0.00552486187845297,8
0.616,-0.056,8
0.648351648351648,0.0219780219780219,8
0.798076923076923,-0.0769230769230769,6
0.739495798319328,-0.19327731092437,6
0.75886524822695,-0.24822695035461,6
0.609195402298851,-0.0919540229885057,6
0.67816091954023,-0.126436781609195,6
0.701492537313433,0.0149253731343283,8
0.754285714285714,0.00571428571428578,8
0.681372549019608,-0.0392156862745097,8
0.701986754966887,-0.00662251655629142,8
0.721739130434783,-0.165217391304348,6
0.804054054054054,-0.121621621621622,6
0.669230769230769,0.0615384615384615,8
0.603092783505155,-0.247422680412371,6
0.644549763033175,-0.0426540284360191,8
0.65,-0.075,8
0.612903225806452,0.0483870967741935,8
0.533333333333333,-0.255555555555556,6
0.803030303030303,-0.212121212121212,6
0.678217821782178,-0.0792079207920793,8
0.670391061452514,0.0614525139664805,8
0.79375,-0.2375,6
0.626506024096386,-0.036144578313253,8
0.703947368421053,-0.0526315789473684,8
0.621761658031088,-0.0466321243523316,8
0.677018633540373,-0.0559006211180124,8
0.751824817518248,-0.197080291970803,6
0.702479338842975,-0.12396694214876,6
0.757062146892655,-0.0960451977401129,6
0.761904761904762,-0.0793650793650794,6
0.700534759358289,0.0374331550802139,8
0.701219512195122,0.024390243902439,8
0.713235294117647,-0.0735294117647058,6
0.573529411764706,-0.127450980392157,6
0.751592356687898,-0.222929936305732,6
0.727272727272727,-0.0363636363636364,6
0.794117647058823,-0.147058823529412,6
0.588709677419355,-0.0161290322580645,8
0.668918918918919,0.0135135135135135,8
0.620689655172414,-0.0459770114942529,8
0.757396449704142,-0.218934911242604,6
0.814569536423841,-0.0860927152317881,6
0.682432432432432,0.027027027027027,8
0.715025906735751,0.0880829015544041,8
0.664596273291925,-0.204968944099379,6
0.670454545454545,-0.102272727272727,8
0.739884393063584,-0.00578034682080919,6
0.716417910447761,-0.0746268656716418,8
0.734567901234568,-0.234567901234568,6
0.552486187845304,-0.193370165745856,6
0.784,-0.152,6
0.691176470588235,-0.147058823529412,8
0.730569948186529,-0.10880829015544,6
0.605263157894737,-0.12280701754386,8
0.696,-0.28,6
0.666666666666667,-0.089430894308943,6
0.630872483221476,-0.100671140939597,8
0.707865168539326,-0.101123595505618,6
0.672514619883041,-0.134502923976608,8
0.681818181818182,-0.103896103896104,8
0.66875,0.0625,8
0.6875,0,8
0.653333333333333,-0.0666666666666667,8
0.743801652892562,-0.0413223140495868,6
0.65891472868217,-0.00775193798449614,8
0.662790697674419,-0.255813953488372,6
0.770992366412214,-0.267175572519084,6
0.683060109289617,-0.114754098360656,6
0.717703349282297,0.0430622009569377,8
0.564971751412429,-0.0282485875706215,8
0.724719101123595,-0.0561797752808988,8
0.770491803278688,-0.202185792349727,6
0.641255605381166,-0.031390134529148,8
0.71195652173913,0.0434782608695652,8
0.745454545454545,-0.181818181818182,6
0.669064748201439,-0.107913669064748,6
0.767326732673267,-0.108910891089109,6
0.774566473988439,-0.179190751445087,6
0.744318181818182,-0.125,6
0.738916256157635,-0.172413793103448,6
0.697478991596639,-0.126050420168067,8
0.779661016949153,-0.271186440677966,6
0.686486486486486,-0.0594594594594595,8
0.713114754098361,-0.262295081967213,6
0.598360655737705,0.0737704918032787,8
0.677966101694915,-0.03954802259887,8
0.670212765957447,-0.0319148936170213,8
0.723577235772358,-0.105691056910569,8
0.664634146341463,-0.121951219512195,8
0.719047619047619,-0.2,6
0.730769230769231,-0.186813186813187,6
0.777777777777778,-0.0617283950617283,6
0.607003891050584,-0.229571984435798,6
0.696551724137931,0.00689655172413794,8
0.61304347826087,0.0695652173913044,8
0.817518248175182,-0.153284671532847,6
0.647727272727273,-0.0681818181818183,8
0.833333333333333,-0.0784313725490196,6
0.673076923076923,0,8
0.62874251497006,-0.065868263473054,6
0.771186440677966,-0.254237288135593,6
0.642384105960265,0.0596026490066226,8
0.644329896907217,-0.0103092783505154,8
0.806201550387597,-0.24031007751938,6
0.643478260869565,-0.0782608695652174,6
0.637096774193548,-0.0645161290322581,8
0.755555555555556,-0.211111111111111,6
0.544444444444444,-0.0777777777777778,6
0.591623036649215,0.0157068062827225,8
0.688172043010753,-0.225806451612903,6
0.737226277372263,-0.10948905109489,6
0.744186046511628,-0.0348837209302326,8
0.709302325581395,0,8
0.631336405529954,-0.0230414746543779,8
0.803921568627451,0.0588235294117647,8
0.598639455782313,0.0340136054421769,8
0.688622754491018,-0.0179640718562875,8
0.665024630541872,0.0738916256157636,8
0.684848484848485,-0.0303030303030303,8
0.680412371134021,0.0618556701030928,8
0.691358024691358,0.0123456790123457,8
0.664835164835165,-0.076923076923077,8
0.568376068376068,-0.0341880341880342,6
0.705035971223022,-0.0359712230215827,8
0.706161137440758,-0.0710900473933649,6
0.682926829268293,-0.00813008130081294,8
0.620408163265306,-0.110204081632653,6
0.666666666666667,0.037037037037037,8
0.64963503649635,-0.00729927007299269,8
0.694214876033058,0.0247933884297521,8
0.728,0.024,8
0.836206896551724,-0.172413793103448,6
0.611702127659574,-0.0212765957446809,8
0.696296296296296,-0.00740740740740731,8
0.730496453900709,0.0780141843971631,8
0.648148148148148,-0.0123456790123457,8
0.680981595092024,0.0429447852760736,6
0.675862068965517,0.0482758620689654,8
0.8,-0.153846153846154,6
0.64321608040201,0.0452261306532664,8
0.747967479674797,-0.203252032520325,6
0.666666666666667,0.0612244897959184,8
0.700636942675159,-0.0955414012738853,6
0.689655172413793,-0.158620689655172,8
0.752808988764045,-0.213483146067416,6
0.691489361702128,-0.202127659574468,6
0.636363636363636,0.0430622009569377,8
0.671328671328671,0.0769230769230769,8
0.81021897810219,-0.226277372262774,6
0.631578947368421,0.064327485380117,8
0.707006369426752,0.0955414012738853,8
0.678362573099415,-0.228070175438596,6
0.773869346733668,-0.0954773869346734,6
0.76158940397351,-0.00662251655629142,6
0.693121693121693,-0.00529100529100524,8
0.681159420289855,0,8
0.684210526315789,-0.087719298245614,8
0.829457364341085,-0.209302325581395,6
0.598726114649682,-0.133757961783439,8
0.716417910447761,0.119402985074627,8
0.683229813664596,-0.142857142857143,8
0.76536312849162,-0.251396648044693,6
0.753731343283582,-0.134328358208955,6
0.709302325581395,-0.162790697674419,6
0.701570680628272,-0.256544502617801,6
0.740740740740741,-0.111111111111111,6
0.693069306930693,-0.0198019801980198,8
0.716129032258065,-0.251612903225806,6
0.70391061452514,-0.0949720670391061,8
0.668508287292818,-0.0276243093922652,8
0.671361502347418,0.0985915492957746,8
0.827067669172932,-0.00751879699248115,6
0.661016949152542,-0.0169491525423728,8
0.672413793103448,0.0344827586206896,8
0.584699453551913,0.114754098360656,8
0.618090452261307,0.035175879396985,8
0.515981735159817,-0.141552511415525,6
0.761363636363636,-0.159090909090909,6
0.741379310344828,0.0114942528735633,8
0.590062111801242,-0.217391304347826,6
0.75,-0.290322580645161,6
0.710280373831776,-0.14018691588785,6
0.718954248366013,-0.111111111111111,8
0.689839572192513,-0.0374331550802138,8
0.574358974358974,0.0358974358974359,8
0.651851851851852,-0.00740740740740742,8
0.746753246753247,-0.025974025974026,6
0.737179487179487,-0.128205128205128,6
0.631901840490798,0.0306748466257669,8
0.678048780487805,-0.0439024390243903,8
0.706586826347305,-0.0059880239520958,8
0.794701986754967,-0.205298013245033,6
0.646739130434783,-0.239130434782609,6
0.745,-0.0600000000000001,8
0.7,-0.188235294117647,6
0.694300518134715,-0.139896373056995,6
0.573248407643312,-0.0828025477707006,8
0.712195121951219,-0.0536585365853659,6
0.575609756097561,0.0341463414634147,8
0.702898550724638,-0.0144927536231884,8
0.745454545454545,0.0545454545454546,8
0.734104046242775,0.0982658959537572,8
0.758389261744966,-0.208053691275168,6
0.746031746031746,0.0793650793650793,8
0.718518518518519,0.0962962962962963,8
0.606965174129353,-0.0248756218905473,8
0.76158940397351,0.112582781456954,8
0.690647482014389,-0.064748201438849,8
0.816326530612245,-0.0884353741496597,6
0.802721088435374,-0.115646258503401,6
0.654054054054054,-0.0378378378378378,8
0.706214689265537,-0.0169491525423728,8
0.78125,-0.21875,6
0.684491978609626,-0.0267379679144386,8
0.733333333333333,-0.15,6
0.712121212121212,-0.106060606060606,6
0.756756756756757,-0.283783783783784,6
0.54375,-0.0375,6
0.666666666666667,0.0545454545454545,8
0.706521739130435,-0.0760869565217392,6
0.573863636363636,0,8
0.798507462686567,0.044776119402985,6
0.6875,0.0227272727272727,8
0.672727272727273,-0.109090909090909,6
0.637837837837838,-0.0702702702702703,8
0.788235294117647,0,6
0.675824175824176,-0.120879120879121,8
0.687150837988827,-0.139664804469274,8
0.706349206349206,-0.301587301587302,6
0.73394495412844,-0.0825688073394496,8
0.50597609561753,-0.0278884462151394,8
0.76530612244898,-0.0306122448979591,8
0.620915032679739,0.0457516339869282,8
0.680851063829787,-0.0638297872340425,6
0.716417910447761,-0.164179104477612,6
0.536585365853659,-0.0121951219512195,8
0.757225433526012,-0.0173410404624277,6
0.583815028901734,-0.283236994219653,6
0.685567010309278,-0.0927835051546391,6
0.706185567010309,-0.0412371134020619,8
0.603351955307263,-0.0502793296089385,8
0.527027027027027,0.0180180180180181,8
0.66887417218543,-0.218543046357616,6
0.767241379310345,-0.258620689655172,6
0.590243902439024,-0.160975609756098,6
0.643835616438356,0.0684931506849314,8
0.757142857142857,-0.257142857142857,6
0.664383561643836,-0.0273972602739727,8
0.706349206349206,-0.0793650793650794,8
0.658536585365854,-0.0975609756097561,8
0.721115537848606,-0.0438247011952191,8
0.53125,-0.160714285714286,6
0.795620437956204,-0.167883211678832,6
0.566265060240964,-0.253012048192771,6
0.647058823529412,-0.142857142857143,6
0.686131386861314,-0.00729927007299275,8
0.719298245614035,-0.00584795321637427,8
0.730769230769231,-0.169230769230769,6
0.686046511627907,0,8
0.722222222222222,0.0833333333333333,8
0.7,0.0615384615384615,8
0.703448275862069,-0.158620689655172,6
0.585858585858586,-0.0303030303030303,8
0.6375,0,8
0.648936170212766,-0.117021276595745,8
0.553846153846154,0.0461538461538462,8
0.625,0.0357142857142856,8
0.662790697674419,-0.0697674418604652,8
0.61875,0.1125,8
0.767441860465116,-0.193798449612403,6
0.736434108527132,-0.209302325581395,6
0.688172043010753,-0.021505376344086,8
0.76,-0.146666666666667,6
0.566265060240964,-0.0481927710843374,8
0.686666666666667,-0.186666666666667,6
0.596938775510204,0,8
0.753623188405797,-0.0144927536231885,6
0.740425531914894,-0.0553191489361702,6
0.706293706293706,-0.048951048951049,8
0.643835616438356,0,8
0.567251461988304,-0.204678362573099,6
0.651006711409396,-0.23489932885906,6
0.621761658031088,-0.0259067357512954,6
0.664921465968586,-0.0366492146596859,8
0.775,-0.12,6
0.740506329113924,-0.278481012658228,6
0.658227848101266,-0.0126582278481013,8
0.695364238410596,0.0728476821192053,8
0.66304347826087,0,8
0.623711340206186,-0.206185567010309,6
0.66412213740458,-0.0687022900763359,8
0.778625954198473,-0.114503816793893,6
0.692771084337349,0.0481927710843374,8
0.755102040816326,-0.306122448979592,6
0.617834394904459,-0.0573248407643312,8
0.73125,-0.2625,6
0.722222222222222,0.0138888888888889,8
0.7,-0.0111111111111111,8
0.662857142857143,-0.0285714285714285,8
0.71551724137931,0,8
0.658008658008658,-0.0995670995670995,6
0.777027027027027,-0.162162162162162,6
0.658653846153846,-0.0192307692307692,8
0.740384615384615,-0.192307692307692,6
0.655172413793103,0.0640394088669951,8
0.747126436781609,-0.172413793103448,6
0.57258064516129,0.032258064516129,8
0.622568093385214,-0.214007782101167,6
0.719745222929936,-0.248407643312102,6
0.622857142857143,0.0514285714285714,8
0.755905511811024,-0.133858267716535,6
0.787878787878788,-0.171717171717172,6
0.582010582010582,-0.142857142857143,6
0.733333333333333,-0.1,6
0.565789473684211,-0.0921052631578947,8
0.751937984496124,-0.209302325581395,6
0.55,0,8
0.523489932885906,-0.0201342281879195,8
0.767605633802817,-0.112676056338028,6
0.664516129032258,-0.0193548387096774,8
0.81875,-0.125,6
0.631313131313131,0.0404040404040404,8
0.691275167785235,-0.0067114093959732,8
0.708029197080292,-0.051094890510949,8
0.641176470588235,-0.0235294117647059,8
0.78343949044586,-0.00636942675159236,8
0.649484536082474,0.0618556701030928,8
0.778761061946903,-0.168141592920354,6
0.610778443113772,0.029940119760479,8
0.822695035460993,-0.205673758865248,6
0.675496688741722,-0.00662251655629142,8
0.813793103448276,-0.2,6
0.766233766233766,-0.207792207792208,6
0.607655502392344,-0.0143540669856459,8
0.764705882352941,-0.111111111111111,6
0.8,-0.125,6
0.652941176470588,-0.0352941176470588,8
0.78,-0.24,6
0.721428571428571,-0.228571428571429,6
0.753521126760563,-0.225352112676056,6
0.75625,0.0874999999999999,8
0.642487046632124,-0.0466321243523315,8
0.681528662420382,-0.299363057324841,6
0.45,-0.2875,6
0.641221374045801,-0.0381679389312977,8
0.762376237623762,-0.247524752475248,6
0.741721854304636,-0.19205298013245,6
0.677777777777778,0.1,8
0.689839572192513,-0.187165775401069,6
0.703296703296703,-0.208791208791209,6
0.660818713450292,0.087719298245614,8
0.566666666666667,-0.114285714285714,8
0.715189873417722,-0.0506329113924049,8
0.739495798319328,-0.0252100840336134,6
0.72027972027972,0.048951048951049,8
0.62882096069869,-0.0131004366812227,8
0.701357466063348,-0.230769230769231,6
0.710344827586207,-0.0620689655172413,8
0.746753246753247,0.025974025974026,8
0.675675675675676,-0.0702702702702703,6
0.635135135135135,0,8
0.699453551912568,0.0273224043715847,8
0.798387096774194,-0.241935483870968,6
0.724770642201835,-0.073394495412844,6
0.663316582914573,-0.14572864321608,6
0.710144927536232,0.115942028985507,8
0.724137931034483,-0.264367816091954,6
0.686363636363636,-0.118181818181818,6
0.651041666666667,0.0416666666666667,8
0.705882352941177,-0.150326797385621,6
0.767295597484277,-0.169811320754717,6
0.651960784313726,0.0392156862745098,8
0.72,-0.0800000000000001,8
0.588932806324111,0.00395256916996045,8
0.703947368421053,-0.223684210526316,6
0.706467661691542,-0.174129353233831,6
0.478468899521531,-0.0430622009569377,8
0.741935483870968,-0.161290322580645,6
0.577142857142857,0.0857142857142856,8
0.731707317073171,-0.235772357723577,6
0.702247191011236,-0.247191011235955,6
0.711229946524064,0.0588235294117647,8
0.669230769230769,0.0307692307692308,8
0.665024630541872,-0.0147783251231526,8
0.793548387096774,-0.225806451612903,6
0.777027027027027,-0.283783783783784,6
0.710344827586207,-0.2,6
0.598958333333333,-0.0520833333333334,8
0.67910447761194,-0.0895522388059701,8
0.75,-0.0978260869565217,6
0.60126582278481,0,8
0.815602836879433,-0.148936170212766,6
0.705882352941177,-0.00653594771241828,8
0.622641509433962,0.00628930817610063,8
0.682352941176471,-0.247058823529412,6
0.64,0.0266666666666667,8
0.650887573964497,0.029585798816568,8
0.807692307692308,-0.0615384615384615,6
0.674242424242424,0.0454545454545455,8
0.787234042553192,-0.163120567375886,6
0.647959183673469,0.0612244897959184,8
0.611702127659574,0.127659574468085,8
0.661538461538462,-0.158974358974359,8
0.656050955414013,0.00636942675159236,8
0.736111111111111,-0.138888888888889,6
0.649253731343284,-0.313432835820896,6
0.526829268292683,-0.0341463414634147,8
0.676229508196721,0.0163934426229508,8
0.785234899328859,-0.275167785234899,6
0.725925925925926,-0.0518518518518519,8
0.705263157894737,0.0421052631578948,8
0.682795698924731,-0.064516129032258,8
0.754716981132076,-0.257861635220126,6
0.695121951219512,0.0487804878048781,8
0.709923664122137,-0.0381679389312977,8
0.700636942675159,-0.0191082802547771,8
0.713235294117647,0.0147058823529412,8
0.655172413793103,-0.0344827586206896,8
0.671232876712329,-0.0958904109589041,6
0.649484536082474,0.0515463917525774,8
0.686567164179104,-0.0298507462686568,8
0.756476683937824,-0.10880829015544,6
0.698979591836735,0.0306122448979593,8
0.628712871287129,0,8
0.711764705882353,-0.247058823529412,6
0.566666666666667,-0.0444444444444443,8
0.819444444444444,-0.111111111111111,6
0.668421052631579,-0.031578947368421,8
0.822033898305085,-0.186440677966102,6
0.703030303030303,-0.0666666666666667,8
0.591666666666667,0.0666666666666667,8
0.725274725274725,-0.120879120879121,6
0.710344827586207,-0.00689655172413794,8
0.668831168831169,-0.051948051948052,8
0.668449197860963,0.122994652406417,8
0.736318407960199,-0.0945273631840795,6
0.73224043715847,-0.0601092896174864,8
0.703448275862069,-0.158620689655172,6
0.651898734177215,0.0506329113924051,8
0.703703703703704,0,8
0.687898089171974,-0.0191082802547771,8
0.617283950617284,0,8
0.673469387755102,0.0204081632653061,8
0.704697986577181,0.0201342281879195,8
0.639097744360902,-0.233082706766917,6
0.791666666666667,-0.0666666666666667,6
0.582608695652174,-0.0782608695652174,6
0.80327868852459,-0.180327868852459,6
0.721698113207547,-0.009433962264151,8
0.772972972972973,-0.0594594594594595,6
0.791666666666667,-0.154761904761905,6
0.693121693121693,-0.121693121693122,8
0.73134328358209,-0.0149253731343283,8
0.653266331658292,0.0552763819095477,8
0.636363636363636,-0.0909090909090909,6
0.803738317757009,-0.214953271028037,6
0.631578947368421,-0.0105263157894737,8
0.710743801652893,-0.0413223140495868,8
0.827814569536424,-0.218543046357616,6
0.606334841628959,0.0407239819004525,8
0.783333333333333,-0.15,6
0.701219512195122,0.0365853658536585,8
0.627586206896552,-0.158620689655172,6
0.686274509803922,-0.00653594771241828,8
0.702127659574468,-0.0212765957446809,8
0.76969696969697,-0.115151515151515,6
0.717105263157895,-0.0921052631578947,6
0.68936170212766,-0.0127659574468084,6
0.637037037037037,-0.214814814814815,6
0.7,0.0125,8
0.703703703703704,-0.101851851851852,6
0.693693693693694,-0.0270270270270271,8
0.716867469879518,-0.036144578313253,8
0.698019801980198,-0.0594059405940595,6
0.619909502262443,-0.122171945701357,8
0.72316384180791,-0.175141242937853,6
0.692307692307692,-0.171597633136095,6
0.832335329341317,-0.137724550898204,6
0.630769230769231,-0.0564102564102564,8
0.738636363636364,0,8
0.654929577464789,0.0422535211267605,8
0.610169491525424,-0.03954802259887,8
0.75,-0.0714285714285714,8
0.753768844221106,-0.195979899497488,6
0.79020979020979,-0.216783216783217,6
0.610837438423645,-0.103448275862069,8
0.761290322580645,0.0193548387096774,8
0.697247706422018,-0.174311926605505,6
0.523809523809524,-0.107142857142857,6
0.776859504132231,-0.0909090909090909,6
0.608294930875576,0.0691244239631337,8
0.71078431372549,0.0196078431372549,8
0.778688524590164,-0.278688524590164,6
0.733333333333333,0.0166666666666667,8
0.742268041237113,-0.175257731958763,6
0.736526946107784,-0.0419161676646707,8
0.701357466063348,0.0588235294117647,8
0.507177033492823,-0.23444976076555,6
0.717514124293785,-0.0395480225988701,8
0.708029197080292,-0.0218978102189781,8
0.817567567567568,-0.162162162162162,6
0.663551401869159,-0.252336448598131,6
0.769230769230769,-0.0923076923076923,6
0.487046632124352,-0.0259067357512954,8
0.580110497237569,-0.0165745856353592,8
0.784313725490196,-0.156862745098039,6
0.794444444444444,-0.122222222222222,6
0.695238095238095,-0.161904761904762,6
0.775401069518717,-0.101604278074866,6
0.655555555555556,-0.144444444444444,6
0.588235294117647,-0.0316742081447963,8
0.756302521008403,-0.19327731092437,6
0.689473684210526,-0.221052631578947,6
0.718592964824121,-0.125628140703518,6
0.649717514124294,-0.03954802259887,8
0.700680272108844,-0.0612244897959183,8
0.72316384180791,-0.00564971751412435,8
0.562162162162162,-0.167567567567568,6
0.792857142857143,-0.157142857142857,6
0.666666666666667,0.00740740740740747,8
0.736434108527132,-0.193798449612403,6
0.681818181818182,0.0389610389610389,8
0.704545454545455,-0.0681818181818182,6
0.641379310344828,0.0206896551724138,8
0.634730538922156,-0.0898203592814371,6
0.73728813559322,-0.0169491525423728,6
0.780645161290323,-0.225806451612903,6
0.746575342465753,-0.205479452054795,6
0.740157480314961,-0.196850393700787,6
0.673684210526316,0.0105263157894737,8
0.628571428571429,0,8
0.804123711340206,-0.175257731958763,6
0.582010582010582,-0.111111111111111,8
0.714285714285714,-0.222222222222222,6
0.6796875,0,8
0.569832402234637,0.0279329608938548,8
0.708955223880597,-0.134328358208955,6
0.757575757575758,-0.115151515151515,6
0.695364238410596,0.0463576158940397,8
0.620320855614973,0.0160427807486632,8
0.654639175257732,0.0412371134020618,8
0.777777777777778,-0.158730158730159,6
0.793893129770992,-0.175572519083969,6
0.759259259259259,-0.172839506172839,6
0.645669291338583,0.0393700787401574,8
0.635467980295567,0.0738916256157636,8
0.613259668508287,-0.0718232044198894,8
0.708333333333333,-0.0729166666666667,8
0.726744186046512,-0.116279069767442,6
0.653266331658292,-0.206030150753769,6
0.658682634730539,-0.0538922155688622,8
0.709090909090909,-0.127272727272727,6
0.644329896907217,-0.0412371134020618,6
0.645631067961165,-0.00970873786407767,8
0.705128205128205,-0.294871794871795,6
0.666666666666667,-0.0133333333333333,8
0.739130434782609,-0.356521739130435,6
0.714285714285714,-0.00680272108843538,8
0.638709677419355,0.0193548387096774,8
0.776699029126214,-0.0970873786407767,6
0.751479289940828,-0.230769230769231,6
0.586206896551724,-0.0517241379310345,8
0.733333333333333,-0.0424242424242425,6
0.624277456647399,-0.15606936416185,6
0.809917355371901,-0.15702479338843,6
0.725490196078431,0.0849673202614378,8
0.768518518518518,-0.148148148148148,6
0.710144927536232,0.0724637681159421,8
0.716666666666667,-0.0444444444444445,8
0.521739130434783,-0.130434782608696,8
0.795081967213115,-0.180327868852459,6
0.772511848341232,0.0236966824644549,8
0.696969696969697,0.0303030303030303,8
0.670212765957447,-0.191489361702128,6
0.519047619047619,-0.180952380952381,6
0.600961538461538,0.0192307692307692,8
0.69364161849711,-0.0289017341040463,6
0.659090909090909,-0.00909090909090904,6
0.662857142857143,0.00571428571428578,8
0.752427184466019,0,8
0.718562874251497,-0.149700598802395,6
0.549707602339181,-0.0409356725146198,8
0.6309963099631,-0.025830258302583,8
0.685714285714286,0.0571428571428572,8
0.680851063829787,0.0957446808510638,8
0.788888888888889,-0.1,6
0.695035460992908,-0.120567375886525,6
0.708108108108108,-0.2,6
0.733606557377049,-0.040983606557377,8
0.664772727272727,-0.0795454545454545,8
0.694736842105263,-0.0315789473684212,8
0.738372093023256,-0.255813953488372,6
0.64,-0.056,8
0.753731343283582,0.0149253731343284,8
0.661290322580645,-0.258064516129032,6
0.765625,-0.203125,6
0.692307692307692,0.0641025641025641,6
0.761194029850746,-0.208955223880597,6
0.678947368421053,-0.242105263157895,6
0.754098360655738,-0.19672131147541,6
0.70253164556962,-0.253164556962025,6
0.674157303370786,0,8
0.705882352941177,0.0457516339869282,8
0.592857142857143,-0.214285714285714,6
0.746031746031746,-0.142857142857143,8
0.8,-0.290909090909091,6
0.710227272727273,-0.0681818181818182,8
0.723529411764706,0,8
0.5875,-0.0375,8
0.69375,-0.0750000000000001,6
0.606796116504854,-0.213592233009709,6
0.748299319727891,-0.183673469387755,6
0.701492537313433,-0.0646766169154229,8
0.74496644295302,-0.12751677852349,6
0.633093525179856,-0.309352517985612,6
0.740932642487047,-0.0984455958549222,6
0.721311475409836,-0.0491803278688525,8
0.720930232558139,0.0387596899224807,8
0.721393034825871,-0.0845771144278606,8
0.659217877094972,-0.0502793296089385,8
0.669421487603306,-0.140495867768595,8
0.656934306569343,0.0364963503649636,8
0.731428571428571,-0.222857142857143,6
0.766666666666667,-0.211111111111111,6
0.627027027027027,-0.0270270270270271,8
0.767605633802817,-0.126760563380282,6
0.660287081339713,-0.062200956937799,8
0.620320855614973,0.0802139037433155,8
0.656441717791411,0.0306748466257668,8
0.76,-0.2,6
0.714285714285714,-0.0571428571428572,8
0.571428571428571,-0.111111111111111,6
0.821656050955414,-0.197452229299363,6
0.737113402061856,-0.206185567010309,6
0.721698113207547,-0.10377358490566,6
0.603686635944701,-0.133640552995392,6
0.75,-0.106382978723404,6
0.668508287292818,0.0276243093922651,8
0.692682926829268,0.00487804878048781,8
0.691919191919192,-0.0505050505050506,8
0.723076923076923,-0.158974358974359,6
0.678571428571429,0.0714285714285714,8
0.780645161290323,-0.2,6
0.674641148325359,-0.119617224880383,6
0.656565656565657,-0.0303030303030303,8
0.641975308641975,-0.0246913580246915,8
0.8,-0.111111111111111,6
0.602564102564103,-0.102564102564103,6
0.826666666666667,-0.0933333333333333,6
0.769736842105263,-0.118421052631579,6
0.675,0,8
0.645390070921986,-0.0212765957446808,8
0.762589928057554,-0.223021582733813,6
0.69364161849711,0.0289017341040463,8
0.733333333333333,-0.186666666666667,6
0.689024390243902,-0.170731707317073,6
0.714285714285714,-0.0714285714285714,6
0.731543624161074,-0.0604026845637584,8
0.759358288770054,-0.101604278074866,6
0.693548387096774,-0.021505376344086,8
0.7,0.0142857142857142,8
0.79136690647482,-0.151079136690647,6
0.657342657342657,0.034965034965035,8
0.718120805369127,-0.0604026845637584,8
0.700787401574803,-0.00787401574803148,8
0.603260869565217,0.0434782608695652,8
0.78169014084507,-0.225352112676056,6
0.762295081967213,-0.278688524590164,6
0.693333333333333,-0.0800000000000001,8
0.725714285714286,-0.165714285714286,6
0.708955223880597,0.0597014925373134,8
0.626315789473684,-0.168421052631579,6
0.695652173913043,-0.192546583850932,6
0.574257425742574,-0.0297029702970297,8
0.688775510204082,-0.173469387755102,6
0.561904761904762,-0.0952380952380952,8
0.65979381443299,-0.144329896907216,6
0.601036269430052,-0.10880829015544,8
0.594202898550725,0.00483091787439616,8
0.605405405405405,-0.113513513513514,8
0.67027027027027,-0.102702702702703,8
0.756756756756757,-0.113513513513514,6
0.602409638554217,-0.0843373493975904,8
0.744827586206897,-0.186206896551724,6
0.644295302013423,0.0201342281879194,8
0.67175572519084,-0.129770992366412,8
0.72,-0.264,6
0.719512195121951,-0.231707317073171,6
0.697247706422018,-0.036697247706422,8
0.764150943396226,-0.0943396226415095,6
0.698529411764706,-0.235294117647059,6
0.639344262295082,0.0273224043715847,8
0.603092783505155,0.123711340206186,8
0.696428571428571,-0.285714285714286,6
0.683673469387755,-0.0306122448979592,6
0.806451612903226,-0.251612903225806,6
0.816901408450704,-0.23943661971831,6
0.601010101010101,-0.101010101010101,6
0.78169014084507,-0.112676056338028,6
0.727941176470588,0.0441176470588236,8
0.699300699300699,-0.00699300699300703,8
0.638888888888889,0.0416666666666667,8
0.629213483146067,0.0224719101123596,8
0.76551724137931,0.0344827586206897,6
0.724358974358974,-0.0128205128205128,6
0.725274725274725,-0.142857142857143,6
0.61038961038961,0.0909090909090908,8
0.630952380952381,-0.0833333333333333,8
0.705521472392638,0.0306748466257669,8
0.584699453551913,0.0163934426229508,8
0.594339622641509,0.0283018867924528,8
0.753246753246753,-0.168831168831169,6
0.648148148148148,0.0987654320987654,8
0.63905325443787,0.029585798816568,8
0.694029850746269,0.0298507462686567,8
0.660919540229885,0.0344827586206897,8
0.796296296296296,-0.135802469135803,6
0.723756906077348,-0.292817679558011,6
0.690265486725664,-0.079646017699115,6
0.74235807860262,-0.0917030567685589,8
0.753554502369668,-0.118483412322275,6
0.654320987654321,-0.148148148148148,6
0.672043010752688,-0.236559139784946,6
0.620481927710843,0,8
0.753333333333333,-0.24,6
0.751412429378531,-0.0169491525423728,8
0.794871794871795,-0.205128205128205,6
0.658536585365854,0.024390243902439,8
